{"feature_scaler": {"data_min_": [19.737535930914532, 20.0, -5.0, -15.307605974427412, -50.0], "data_max_": [25.0, 20.0, 0.2624640690854676, -0.5, 0.8749999999999858], "data_range_": [5.262464069085468, 0.0, 5.262464069085468, 14.807605974427412, 50.874999999999986], "scale_": [0.19002505040833165, 1.0, 0.19002505040833165, 0.06753286126920112, 0.019656019656019662], "min_": [-3.750626260208291, -20.0, 0.9501252520416582, 1.0337664306346006, 0.9828009828009832], "n_features_in_": 5, "n_samples_seen_": 3000}, "target_scaler": {"data_min_": [0.0], "data_max_": [1.0], "data_range_": [1.0], "scale_": [1.0], "min_": [0.0], "n_features_in_": 1, "n_samples_seen_": 3000}, "sequence_length": 10}