{"feature_scaler": {"data_min_": [16.463927504478477, 20.19745002356912, -13.89362025139576, -100.0, -138.9362025139576], "data_max_": [34.911030635957054, 27.996335390677643, 4.11161325870712, 0.4533704380943898, 3.552537197036756], "data_range_": [18.447103131478578, 7.798885367108522, 18.00523351010288, 100.4533704380944, 142.48873971099437], "scale_": [0.054209053468865585, 0.12822345154827622, 0.05553940744166923, 0.009954867573271343, 0.0070180984267828464], "min_": [-0.8924939263978005, -2.5897867544958455, 0.771643435982096, 0.9954867573271343, 0.9750679442863888], "n_features_in_": 5, "n_samples_seen_": 30000}, "target_scaler": {"data_min_": [0.0], "data_max_": [1.0], "data_range_": [1.0], "scale_": [1.0], "min_": [0.0], "n_features_in_": 1, "n_samples_seen_": 30000}, "sequence_length": 10}