{"feature_scaler": {"data_min_": [19.39319337684736, 20.0, -5.0, -15.929066226615163, -50.0], "data_max_": [25.0, 20.0, 0.6068066231526394, -0.5, 0.8410506476772639], "data_range_": [5.6068066231526394, 0.0, 5.6068066231526394, 15.429066226615163, 50.841050647677264], "scale_": [0.17835464413390312, 1.0, 0.17835464413390312, 0.06481273625457634, 0.019669145056224094], "min_": [-3.458866103347578, -20.0, 0.8917732206695156, 1.0324063681272881, 0.9834572528112047], "n_features_in_": 5, "n_samples_seen_": 3000}, "target_scaler": {"data_min_": [0.2574854519932416], "data_max_": [1.0], "data_range_": [0.7425145480067584], "scale_": [1.346774959069082], "min_": [-0.346774959069082], "n_features_in_": 1, "n_samples_seen_": 3000}, "sequence_length": 10}