{"feature_scaler": {"data_min_": [25.304514911475287, 25.364162326607513, -0.14449171188644172, -0.9599072187624113, -1.4449171188644172], "data_max_": [25.508654038493955, 25.364162326607513, 0.05964741513222549, -0.014449171188644173, 0.849303548864242], "data_range_": [0.2041391270186672, 0.0, 0.2041391270186672, 0.9454580475737671, 2.294220667728659], "scale_": [4.898619949073048, 1.0, 4.898619949073048, 1.0576883898404572, 0.4358778621718316], "min_": [-123.95720154696924, -25.364162326607513, 0.7078099823226386, 1.0152827206090462, 0.6298073847861044], "n_features_in_": 5, "n_samples_seen_": 3000}, "target_scaler": {"data_min_": [0.12059861301338254], "data_max_": [1.0], "data_range_": [0.8794013869866175], "scale_": [1.1371371648919377], "min_": [-0.13713716489193778], "n_features_in_": 1, "n_samples_seen_": 3000}, "sequence_length": 10}